Action,Visitor,PassCode,Time,PerformedBy
"check-out","sourav kumar","VP-MOVE2645-DQIFXN","5/7/2026, 4:45:42 PM","Security Guard"
"check-in","sourav kumar","VP-MOVE2645-DQIFXN","5/7/2026, 4:45:27 PM","Security Guard"
"check-out","sourav kumar","VP-MO91IB3S-PX3GT9","4/22/2026, 1:23:53 AM","Security Guard"
"check-in","sourav kumar","VP-MO91IB3S-PX3GT9","4/22/2026, 1:23:45 AM","Security Guard"
"check-out","","","4/11/2026, 2:24:55 AM","Security Guard"
"check-in","","","4/11/2026, 2:24:53 AM","Security Guard"
"check-out","","","4/11/2026, 2:23:50 AM","Security Guard"
"check-in","","","4/11/2026, 2:23:47 AM","Security Guard"
"check-out","","","4/11/2026, 2:23:28 AM","Security Guard"
"check-in","","","4/11/2026, 2:23:18 AM","Security Guard"